BOARDID,SECID,TRADEDATE,SHORTNAME,NAME,CLOSE,OPEN,HIGH,LOW,VALUE,DURATION,YIELD,DECIMALS,CAPITALIZATION,CURRENCYID,DIVISOR,TRADINGSESSION,VOLUME
RTSI,WHFOB,2021-06-01,WHFOB,Индекс пшеницы FOB регион Черного моря,242.1,242.1,242.1,242.1,201787052.23,0.0,0.0,1,0.0,USD,0.0,3,
RTSI,WHFOB,2021-05-31,WHFOB,Индекс пшеницы FOB регион Черного моря,241.6,241.6,241.6,241.6,195984166.0,0.0,0.0,1,0.0,USD,0.0,3,
RTSI,WHFOB,2021-05-28,WHFOB,Индекс пшеницы FOB регион Черного моря,240.3,240.3,240.3,240.3,155369956.0,0.0,0.0,1,0.0,USD,0.0,3,
RTSI,WHFOB,2021-05-27,WHFOB,Индекс пшеницы FOB регион Черного моря,240.1,240.1,240.1,240.1,154462456.0,0.0,0.0,1,0.0,USD,0.0,3,
RTSI,WHFOB,2021-05-26,WHFOB,Индекс пшеницы FOB регион Черного моря,240.1,240.1,240.1,240.1,,0.0,0.0,1,240.1,USD,1.0,3,
RTSI,WHFOB,2021-05-25,WHFOB,Индекс пшеницы FOB регион Черного моря,240.1,240.1,240.1,240.1,,0.0,0.0,1,240.1,USD,1.0,3,
RTSI,WHFOB,2021-05-24,WHFOB,Индекс пшеницы FOB регион Черного моря,240.1,240.1,240.1,240.1,,0.0,0.0,1,240.1,USD,1.0,3,
RTSI,WHFOB,2021-05-21,WHFOB,Индекс пшеницы FOB регион Черного моря,240.4,240.4,240.4,240.4,,0.0,0.0,1,240.4,USD,1.0,3,
RTSI,WHFOB,2021-05-20,WHFOB,Индекс пшеницы FOB регион Черного моря,241.8,241.8,241.8,241.8,,0.0,0.0,1,241.8,USD,1.0,3,
RTSI,WHFOB,2021-05-19,WHFOB,Индекс пшеницы FOB регион Черного моря,242.2,242.2,242.2,242.2,,0.0,0.0,1,242.2,USD,1.0,3,
RTSI,WHFOB,2021-05-18,WHFOB,Индекс пшеницы FOB регион Черного моря,242.2,242.2,242.2,242.2,,0.0,0.0,1,242.2,USD,1.0,3,
RTSI,WHFOB,2021-05-17,WHFOB,Индекс пшеницы FOB регион Черного моря,241.4,241.4,241.4,241.4,,0.0,0.0,1,241.4,USD,1.0,3,
RTSI,WHFOB,2021-05-14,WHFOB,Индекс пшеницы FOB регион Черного моря,242.6,242.6,242.6,242.6,,0.0,0.0,1,242.6,USD,1.0,3,
RTSI,WHFOB,2021-05-13,WHFOB,Индекс пшеницы FOB регион Черного моря,242.6,242.6,242.6,242.6,,0.0,0.0,1,242.6,USD,1.0,3,
RTSI,WHFOB,2021-05-12,WHFOB,Индекс пшеницы FOB регион Черного моря,242.4,242.4,242.4,242.4,,0.0,0.0,1,242.4,USD,1.0,3,
RTSI,WHFOB,2021-05-11,WHFOB,Индекс пшеницы FOB регион Черного моря,242.4,242.4,242.4,242.4,,0.0,0.0,1,242.4,USD,1.0,3,
RTSI,WHFOB,2021-04-30,WHFOB,Индекс пшеницы FOB регион Черного моря,255.0,255.0,255.0,255.0,,0.0,0.0,1,255.0,USD,1.0,3,
RTSI,WHFOB,2021-04-29,WHFOB,Индекс пшеницы FOB регион Черного моря,257.0,257.0,257.0,257.0,,0.0,0.0,1,257.0,USD,1.0,3,
RTSI,WHFOB,2021-04-28,WHFOB,Индекс пшеницы FOB регион Черного моря,257.0,257.0,257.0,257.0,,0.0,0.0,1,257.0,USD,1.0,3,
RTSI,WHFOB,2021-04-27,WHFOB,Индекс пшеницы FOB регион Черного моря,255.8,255.8,255.8,255.8,,0.0,0.0,1,255.8,USD,1.0,3,
RTSI,WHFOB,2021-04-26,WHFOB,Индекс пшеницы FOB регион Черного моря,255.8,255.8,255.8,255.8,,0.0,0.0,1,255.8,USD,1.0,3,
RTSI,WHFOB,2021-04-23,WHFOB,Индекс пшеницы FOB регион Черного моря,265.2,265.2,265.2,265.2,,0.0,0.0,1,265.2,USD,1.0,3,
RTSI,WHFOB,2021-04-22,WHFOB,Индекс пшеницы FOB регион Черного моря,265.2,265.2,265.2,265.2,,0.0,0.0,1,265.2,USD,1.0,3,
RTSI,WHFOB,2021-04-21,WHFOB,Индекс пшеницы FOB регион Черного моря,266.5,266.5,266.5,266.5,,0.0,0.0,1,266.5,USD,1.0,3,
RTSI,WHFOB,2021-04-20,WHFOB,Индекс пшеницы FOB регион Черного моря,267.4,267.4,267.4,267.4,,0.0,0.0,1,267.4,USD,1.0,3,
RTSI,WHFOB,2021-04-19,WHFOB,Индекс пшеницы FOB регион Черного моря,267.4,267.4,267.4,267.4,,0.0,0.0,1,267.4,USD,1.0,3,
RTSI,WHFOB,2021-04-16,WHFOB,Индекс пшеницы FOB регион Черного моря,272.9,272.9,272.9,272.9,,0.0,0.0,1,272.9,USD,1.0,3,
RTSI,WHFOB,2021-04-15,WHFOB,Индекс пшеницы FOB регион Черного моря,273.7,273.7,273.7,273.7,,0.0,0.0,1,273.7,USD,1.0,3,
RTSI,WHFOB,2021-04-14,WHFOB,Индекс пшеницы FOB регион Черного моря,273.7,273.7,273.7,273.7,,0.0,0.0,1,273.7,USD,1.0,3,
RTSI,WHFOB,2021-04-13,WHFOB,Индекс пшеницы FOB регион Черного моря,273.7,273.7,273.7,273.7,,0.0,0.0,1,273.7,USD,1.0,3,
RTSI,WHFOB,2021-04-12,WHFOB,Индекс пшеницы FOB регион Черного моря,278.4,278.4,278.4,278.4,,0.0,0.0,1,278.4,USD,1.0,3,
RTSI,WHFOB,2021-04-09,WHFOB,Индекс пшеницы FOB регион Черного моря,277.2,277.2,277.2,277.2,,0.0,0.0,1,277.2,USD,1.0,3,
RTSI,WHFOB,2021-04-08,WHFOB,Индекс пшеницы FOB регион Черного моря,283.4,283.4,283.4,283.4,,0.0,0.0,1,283.4,USD,1.0,3,
RTSI,WHFOB,2021-04-07,WHFOB,Индекс пшеницы FOB регион Черного моря,282.7,282.7,282.7,282.7,,0.0,0.0,1,282.7,USD,1.0,3,
RTSI,WHFOB,2021-04-06,WHFOB,Индекс пшеницы FOB регион Черного моря,283.4,283.4,283.4,283.4,,0.0,0.0,1,283.4,USD,1.0,3,
RTSI,WHFOB,2021-04-05,WHFOB,Индекс пшеницы FOB регион Черного моря,282.0,282.0,282.0,282.0,,0.0,0.0,1,282.0,USD,1.0,3,
RTSI,WHFOB,2021-04-02,WHFOB,Индекс пшеницы FOB регион Черного моря,282.0,282.0,282.0,282.0,,0.0,0.0,1,282.0,USD,1.0,3,
RTSI,WHFOB,2021-04-01,WHFOB,Индекс пшеницы FOB регион Черного моря,282.0,282.0,282.0,282.0,,0.0,0.0,1,282.0,USD,1.0,3,
RTSI,WHFOB,2021-03-31,WHFOB,Индекс пшеницы FOB регион Черного моря,281.6,281.6,281.6,281.6,,,,1,,USD,,3,
RTSI,WHFOB,2021-03-30,WHFOB,Индекс пшеницы FOB регион Черного моря,281.5,281.5,281.5,281.5,,,,1,,USD,,3,
RTSI,WHFOB,2021-03-29,WHFOB,Индекс пшеницы FOB регион Черного моря,281.5,281.5,281.5,281.5,,,,1,,USD,,3,
RTSI,WHFOB,2021-03-26,WHFOB,Индекс пшеницы FOB регион Черного моря,282.3,282.3,282.3,282.3,,,,1,,USD,,3,
RTSI,WHFOB,2021-03-25,WHFOB,Индекс пшеницы FOB регион Черного моря,282.5,282.5,282.5,282.5,,,,1,,USD,,3,
RTSI,WHFOB,2021-03-24,WHFOB,Индекс пшеницы FOB регион Черного моря,282.5,282.5,282.5,282.5,,,,1,,USD,,3,
RTSI,WHFOB,2021-03-23,WHFOB,Индекс пшеницы FOB регион Черного моря,282.5,282.5,282.5,282.5,,,,1,,USD,,3,
RTSI,WHFOB,2021-03-22,WHFOB,Индекс пшеницы FOB регион Черного моря,282.93,282.93,282.93,282.93,,,,1,,USD,,3,
RTSI,WHFOB,2021-09-01,WHFOB,Индекс пшеницы FOB регион Черного моря,272.2,272.2,272.2,272.2,460671356.9686,0.0,0.0,1,0.0,USD,0.0,3,
RTSI,WHFOB,2021-08-31,WHFOB,Индекс пшеницы FOB регион Черного моря,263.3,263.3,263.3,263.3,680498985.339,0.0,0.0,1,0.0,USD,0.0,3,
RTSI,WHFOB,2021-08-30,WHFOB,Индекс пшеницы FOB регион Черного моря,262.1,262.1,262.1,262.1,664061246.874,0.0,0.0,1,0.0,USD,0.0,3,
RTSI,WHFOB,2021-08-27,WHFOB,Индекс пшеницы FOB регион Черного моря,262.7,262.7,262.7,262.7,647791906.874,0.0,0.0,1,0.0,USD,0.0,3,
RTSI,WHFOB,2021-08-26,WHFOB,Индекс пшеницы FOB регион Черного моря,259.0,259.0,259.0,259.0,605815946.874,0.0,0.0,1,0.0,USD,0.0,3,
RTSI,WHFOB,2021-08-25,WHFOB,Индекс пшеницы FOB регион Черного моря,259.3,259.3,259.3,259.3,658637396.874,0.0,0.0,1,0.0,USD,0.0,3,
RTSI,WHFOB,2021-08-24,WHFOB,Индекс пшеницы FOB регион Черного моря,257.8,257.8,257.8,257.8,606180681.874,0.0,0.0,1,0.0,USD,0.0,3,
RTSI,WHFOB,2021-08-23,WHFOB,Индекс пшеницы FOB регион Черного моря,257.1,257.1,257.1,257.1,606756931.874,0.0,0.0,1,0.0,USD,0.0,3,
RTSI,WHFOB,2021-08-20,WHFOB,Индекс пшеницы FOB регион Черного моря,248.8,248.8,248.8,248.8,602984211.939,0.0,0.0,1,0.0,USD,0.0,3,
RTSI,WHFOB,2021-08-19,WHFOB,Индекс пшеницы FOB регион Черного моря,246.5,246.5,246.5,246.5,548640300.339,0.0,0.0,1,0.0,USD,0.0,3,
RTSI,WHFOB,2021-08-18,WHFOB,Индекс пшеницы FOB регион Черного моря,246.5,246.5,246.5,246.5,548640300.339,0.0,0.0,1,0.0,USD,0.0,3,
RTSI,WHFOB,2021-08-17,WHFOB,Индекс пшеницы FOB регион Черного моря,244.9,244.9,244.9,244.9,525508300.339,0.0,0.0,1,0.0,USD,0.0,3,
RTSI,WHFOB,2021-08-16,WHFOB,Индекс пшеницы FOB регион Черного моря,244.8,244.8,244.8,244.8,516536300.339,0.0,0.0,1,0.0,USD,0.0,3,
RTSI,WHFOB,2021-08-13,WHFOB,Индекс пшеницы FOB регион Черного моря,243.7,243.7,243.7,243.7,566981909.339,0.0,0.0,1,0.0,USD,0.0,3,
RTSI,WHFOB,2021-08-12,WHFOB,Индекс пшеницы FOB регион Черного моря,243.1,243.1,243.1,243.1,542936189.339,0.0,0.0,1,0.0,USD,0.0,3,
RTSI,WHFOB,2021-08-11,WHFOB,Индекс пшеницы FOB регион Черного моря,243.1,243.1,243.1,243.1,542936189.339,0.0,0.0,1,0.0,USD,0.0,3,
RTSI,WHFOB,2021-08-10,WHFOB,Индекс пшеницы FOB регион Черного моря,243.7,243.7,243.7,243.7,630645847.299,0.0,0.0,1,0.0,USD,0.0,3,
RTSI,WHFOB,2021-08-09,WHFOB,Индекс пшеницы FOB регион Черного моря,243.6,243.6,243.6,243.6,619374847.299,0.0,0.0,1,0.0,USD,0.0,3,
RTSI,WHFOB,2021-08-06,WHFOB,Индекс пшеницы FOB регион Черного моря,243.9,243.9,243.9,243.9,570469896.539,0.0,0.0,1,0.0,USD,0.0,3,
RTSI,WHFOB,2021-08-05,WHFOB,Индекс пшеницы FOB регион Черного моря,244.5,244.5,244.5,244.5,496851531.539,0.0,0.0,1,0.0,USD,0.0,3,
RTSI,WHFOB,2021-08-04,WHFOB,Индекс пшеницы FOB регион Черного моря,244.5,244.5,244.5,244.5,496851531.539,0.0,0.0,1,0.0,USD,0.0,3,
RTSI,WHFOB,2021-08-03,WHFOB,Индекс пшеницы FOB регион Черного моря,244.3,244.3,244.3,244.3,463047471.96,0.0,0.0,1,0.0,USD,0.0,3,
RTSI,WHFOB,2021-08-02,WHFOB,Индекс пшеницы FOB регион Черного моря,244.4,244.4,244.4,244.4,449835471.96,0.0,0.0,1,0.0,USD,0.0,3,
RTSI,WHFOB,2021-07-30,WHFOB,Индекс пшеницы FOB регион Черного моря,244.5,244.5,244.5,244.5,417662010.46,0.0,0.0,1,0.0,USD,0.0,3,
RTSI,WHFOB,2021-07-29,WHFOB,Индекс пшеницы FOB регион Черного моря,244.7,244.7,244.7,244.7,411789510.46,0.0,0.0,1,0.0,USD,0.0,3,
RTSI,WHFOB,2021-07-28,WHFOB,Индекс пшеницы FOB регион Черного моря,244.7,244.7,244.7,244.7,411789510.46,0.0,0.0,1,0.0,USD,0.0,3,
RTSI,WHFOB,2021-07-27,WHFOB,Индекс пшеницы FOB регион Черного моря,245.3,245.3,245.3,245.3,426253795.46,0.0,0.0,1,0.0,USD,0.0,3,
RTSI,WHFOB,2021-07-26,WHFOB,Индекс пшеницы FOB регион Черного моря,245.2,245.2,245.2,245.2,386171901.96,0.0,0.0,1,0.0,USD,0.0,3,
RTSI,WHFOB,2021-07-23,WHFOB,Индекс пшеницы FOB регион Черного моря,244.7,244.7,244.7,244.7,410561556.96,0.0,0.0,1,0.0,USD,0.0,3,
RTSI,WHFOB,2021-07-22,WHFOB,Индекс пшеницы FOB регион Черного моря,245.0,245.0,245.0,245.0,395786366.96,0.0,0.0,1,0.0,USD,0.0,3,
RTSI,WHFOB,2021-07-21,WHFOB,Индекс пшеницы FOB регион Черного моря,245.0,245.0,245.0,245.0,395786366.96,0.0,0.0,1,0.0,USD,0.0,3,
RTSI,WHFOB,2021-07-20,WHFOB,Индекс пшеницы FOB регион Черного моря,244.0,244.0,244.0,244.0,357685146.96,0.0,0.0,1,0.0,USD,0.0,3,
RTSI,WHFOB,2021-07-19,WHFOB,Индекс пшеницы FOB регион Черного моря,244.0,244.0,244.0,244.0,357685146.96,0.0,0.0,1,0.0,USD,0.0,3,
RTSI,WHFOB,2021-07-16,WHFOB,Индекс пшеницы FOB регион Черного моря,246.3,246.3,246.3,246.3,302514876.96,0.0,0.0,1,0.0,USD,0.0,3,
RTSI,WHFOB,2021-07-15,WHFOB,Индекс пшеницы FOB регион Черного моря,248.5,248.5,248.5,248.5,330068876.96,0.0,0.0,1,0.0,USD,0.0,3,
RTSI,WHFOB,2021-07-14,WHFOB,Индекс пшеницы FOB регион Черного моря,248.5,248.5,248.5,248.5,330068876.96,0.0,0.0,1,0.0,USD,0.0,3,
RTSI,WHFOB,2021-07-13,WHFOB,Индекс пшеницы FOB регион Черного моря,248.5,248.5,248.5,248.5,330068876.96,0.0,0.0,1,0.0,USD,0.0,3,
RTSI,WHFOB,2021-07-12,WHFOB,Индекс пшеницы FOB регион Черного моря,251.9,251.9,251.9,251.9,277376841.96,0.0,0.0,1,0.0,USD,0.0,3,
RTSI,WHFOB,2021-07-09,WHFOB,Индекс пшеницы FOB регион Черного моря,254.4,254.4,254.4,254.4,250570503.06,0.0,0.0,1,0.0,USD,0.0,3,
RTSI,WHFOB,2021-07-08,WHFOB,Индекс пшеницы FOB регион Черного моря,254.5,254.5,254.5,254.5,250250963.06,0.0,0.0,1,0.0,USD,0.0,3,
RTSI,WHFOB,2021-07-07,WHFOB,Индекс пшеницы FOB регион Черного моря,255.1,255.1,255.1,255.1,256593331.1,0.0,0.0,1,0.0,USD,0.0,3,
RTSI,WHFOB,2021-07-06,WHFOB,Индекс пшеницы FOB регион Черного моря,255.2,255.2,255.2,255.2,248446331.1,0.0,0.0,1,0.0,USD,0.0,3,
RTSI,WHFOB,2021-07-05,WHFOB,Индекс пшеницы FOB регион Черного моря,256.0,256.0,256.0,256.0,225501221.1,0.0,0.0,1,0.0,USD,0.0,3,
RTSI,WHFOB,2021-07-02,WHFOB,Индекс пшеницы FOB регион Черного моря,260.0,260.0,260.0,260.0,205031111.1,0.0,0.0,1,0.0,USD,0.0,3,
RTSI,WHFOB,2021-07-01,WHFOB,Индекс пшеницы FOB регион Черного моря,257.3,257.3,257.3,257.3,116313493.06,0.0,0.0,1,0.0,USD,0.0,3,
RTSI,WHFOB,2021-06-30,WHFOB,Индекс пшеницы FOB регион Черного моря,259.1,259.1,259.1,259.1,214639434.92,0.0,0.0,1,0.0,USD,0.0,3,
RTSI,WHFOB,2021-06-29,WHFOB,Индекс пшеницы FOB регион Черного моря,259.4,259.4,259.4,259.4,229151184.92,0.0,0.0,1,0.0,USD,0.0,3,
RTSI,WHFOB,2021-06-28,WHFOB,Индекс пшеницы FOB регион Черного моря,259.2,259.2,259.2,259.2,240371184.92,0.0,0.0,1,0.0,USD,0.0,3,
RTSI,WHFOB,2021-06-25,WHFOB,Индекс пшеницы FOB регион Черного моря,259.5,259.5,259.5,259.5,240764972.1253,0.0,0.0,1,0.0,USD,0.0,3,
RTSI,WHFOB,2021-06-24,WHFOB,Индекс пшеницы FOB регион Черного моря,259.9,259.9,259.9,259.9,222532472.1253,0.0,0.0,1,0.0,USD,0.0,3,
RTSI,WHFOB,2021-06-23,WHFOB,Индекс пшеницы FOB регион Черного моря,260.0,260.0,260.0,260.0,207669874.125,0.0,0.0,1,0.0,USD,0.0,3,
RTSI,WHFOB,2021-06-22,WHFOB,Индекс пшеницы FOB регион Черного моря,260.0,260.0,260.0,260.0,215483374.125,0.0,0.0,1,0.0,USD,0.0,3,
RTSI,WHFOB,2021-06-21,WHFOB,Индекс пшеницы FOB регион Черного моря,258.2,258.2,258.2,258.2,197717374.125,0.0,0.0,1,0.0,USD,0.0,3,
RTSI,WHFOB,2021-06-18,WHFOB,Индекс пшеницы FOB регион Черного моря,257.5,257.5,257.5,257.5,185690990.125,0.0,0.0,1,0.0,USD,0.0,3,
RTSI,WHFOB,2021-06-17,WHFOB,Индекс пшеницы FOB регион Черного моря,257.4,257.4,257.4,257.4,196910990.125,0.0,0.0,1,0.0,USD,0.0,3,
RTSI,WHFOB,2021-06-16,WHFOB,Индекс пшеницы FOB регион Черного моря,257.8,257.8,257.8,257.8,168849408.165,0.0,0.0,1,0.0,USD,0.0,3,
RTSI,WHFOB,2021-06-15,WHFOB,Индекс пшеницы FOB регион Черного моря,256.0,256.0,256.0,256.0,220593446.7161,0.0,0.0,1,0.0,USD,0.0,3,
RTSI,WHFOB,2021-06-11,WHFOB,Индекс пшеницы FOB регион Черного моря,246.7,246.7,246.7,246.7,215567856.4111,0.0,0.0,1,0.0,USD,0.0,3,
RTSI,WHFOB,2021-06-10,WHFOB,Индекс пшеницы FOB регион Черного моря,249.8,249.8,249.8,249.8,174591016.4111,0.0,0.0,1,0.0,USD,0.0,3,
RTSI,WHFOB,2021-06-09,WHFOB,Индекс пшеницы FOB регион Черного моря,248.8,248.8,248.8,248.8,160024766.4111,0.0,0.0,1,0.0,USD,0.0,3,
RTSI,WHFOB,2021-06-08,WHFOB,Индекс пшеницы FOB регион Черного моря,247.7,247.7,247.7,247.7,158745277.86,0.0,0.0,1,0.0,USD,0.0,3,
RTSI,WHFOB,2021-06-07,WHFOB,Индекс пшеницы FOB регион Черного моря,248.3,248.3,248.3,248.3,174791769.09,0.0,0.0,1,0.0,USD,0.0,3,
RTSI,WHFOB,2021-06-04,WHFOB,Индекс пшеницы FOB регион Черного моря,243.7,243.7,243.7,243.7,206866019.09,0.0,0.0,1,0.0,USD,0.0,3,
RTSI,WHFOB,2021-06-03,WHFOB,Индекс пшеницы FOB регион Черного моря,242.8,242.8,242.8,242.8,190048512.23,0.0,0.0,1,0.0,USD,0.0,3,
RTSI,WHFOB,2021-06-02,WHFOB,Индекс пшеницы FOB регион Черного моря,243.1,243.1,243.1,243.1,173432352.23,0.0,0.0,1,0.0,USD,0.0,3,
RTSI,WHFOB,2021-12-01,WHFOB,Индекс пшеницы FOB регион Черного моря,321.5,321.5,321.5,321.5,252289668.0,0.0,0.0,1,0.0,USD,0.0,3,784800.0
RTSI,WHFOB,2021-11-30,WHFOB,Индекс пшеницы FOB регион Черного моря,321.2,321.2,321.2,321.2,439533568.0,0.0,0.0,1,0.0,USD,0.0,3,1368300.0
RTSI,WHFOB,2021-11-29,WHFOB,Индекс пшеницы FOB регион Черного моря,320.8,320.8,320.8,320.8,395957568.0,0.0,0.0,1,0.0,USD,0.0,3,1234300.0
RTSI,WHFOB,2021-11-26,WHFOB,Индекс пшеницы FOB регион Черного моря,320.2,320.2,320.2,320.2,385740768.0,0.0,0.0,1,0.0,USD,0.0,3,1204600.0
RTSI,WHFOB,2021-11-25,WHFOB,Индекс пшеницы FOB регион Черного моря,317.2,317.2,317.2,317.2,493544714.0,0.0,0.0,1,0.0,USD,0.0,3,1556088.0
RTSI,WHFOB,2021-11-24,WHFOB,Индекс пшеницы FOB регион Черного моря,317.2,317.2,317.2,317.2,493544714.0,0.0,0.0,1,0.0,USD,0.0,3,1556088.0
RTSI,WHFOB,2021-11-23,WHFOB,Индекс пшеницы FOB регион Черного моря,317.1,317.1,317.1,317.1,489653546.0,0.0,0.0,1,0.0,USD,0.0,3,1544288.0
RTSI,WHFOB,2021-11-22,WHFOB,Индекс пшеницы FOB регион Черного моря,313.7,313.7,313.7,313.7,418980800.0,0.0,0.0,1,0.0,USD,0.0,3,1335760.0
RTSI,WHFOB,2021-11-19,WHFOB,Индекс пшеницы FOB регион Черного моря,312.4,312.4,312.4,312.4,461527550.0,0.0,0.0,1,0.0,USD,0.0,3,1477260.0
RTSI,WHFOB,2021-11-18,WHFOB,Индекс пшеницы FOB регион Черного моря,312.4,312.4,312.4,312.4,461527550.0,0.0,0.0,1,0.0,USD,0.0,3,1477260.0
RTSI,WHFOB,2021-11-17,WHFOB,Индекс пшеницы FOB регион Черного моря,312.4,312.4,312.4,312.4,461527550.0,0.0,0.0,1,0.0,USD,0.0,3,1477260.0
RTSI,WHFOB,2021-11-16,WHFOB,Индекс пшеницы FOB регион Черного моря,312.4,312.4,312.4,312.4,461527550.0,0.0,0.0,1,0.0,USD,0.0,3,1477260.0
RTSI,WHFOB,2021-11-15,WHFOB,Индекс пшеницы FOB регион Черного моря,311.7,311.7,311.7,311.7,466591950.0,0.0,0.0,1,0.0,USD,0.0,3,1496960.0
RTSI,WHFOB,2021-11-12,WHFOB,Индекс пшеницы FOB регион Черного моря,310.4,310.4,310.4,310.4,422792350.0,0.0,0.0,1,0.0,USD,0.0,3,1361960.0
RTSI,WHFOB,2021-11-11,WHFOB,Индекс пшеницы FOB регион Черного моря,310.4,310.4,310.4,310.4,422792350.0,0.0,0.0,1,0.0,USD,0.0,3,1361960.0
RTSI,WHFOB,2021-11-10,WHFOB,Индекс пшеницы FOB регион Черного моря,310.4,310.4,310.4,310.4,422792350.0,0.0,0.0,1,0.0,USD,0.0,3,1361960.0
RTSI,WHFOB,2021-11-09,WHFOB,Индекс пшеницы FOB регион Черного моря,310.4,310.4,310.4,310.4,425543350.0,0.0,0.0,1,0.0,USD,0.0,3,1370960.0
RTSI,WHFOB,2021-11-08,WHFOB,Индекс пшеницы FOB регион Черного моря,309.6,309.6,309.6,309.6,421328450.0,0.0,0.0,1,0.0,USD,0.0,3,1360960.0
RTSI,WHFOB,2021-11-03,WHFOB,Индекс пшеницы FOB регион Черного моря,304.3,304.3,304.3,304.3,389144450.0,0.0,0.0,1,0.0,USD,0.0,3,1278960.0
RTSI,WHFOB,2021-11-02,WHFOB,Индекс пшеницы FOB регион Черного моря,302.5,302.5,302.5,302.5,395840800.0,0.0,0.0,1,0.0,USD,0.0,3,1308460.0
RTSI,WHFOB,2021-11-01,WHFOB,Индекс пшеницы FOB регион Черного моря,299.6,299.6,299.6,299.6,266022550.0,0.0,0.0,1,0.0,USD,0.0,3,887960.0
RTSI,WHFOB,2021-10-29,WHFOB,Индекс пшеницы FOB регион Черного моря,302.5,302.5,302.5,302.5,303582815.1734,0.0,0.0,1,0.0,USD,0.0,3,1003691.0
RTSI,WHFOB,2021-10-28,WHFOB,Индекс пшеницы FOB регион Черного моря,302.3,302.3,302.3,302.3,0.0,,,2,,USD,,3,974691.0
RTSI,WHFOB,2021-10-27,WHFOB,Индекс пшеницы FOB регион Черного моря,300.8,300.8,300.8,300.8,0.0,,,2,,USD,,3,934691.0
RTSI,WHFOB,2021-10-26,WHFOB,Индекс пшеницы FOB регион Черного моря,300.8,300.8,300.8,300.8,0.0,,,2,,USD,,3,934691.0
RTSI,WHFOB,2021-10-25,WHFOB,Индекс пшеницы FOB регион Черного моря,298.5,298.5,298.5,298.5,0.0,,,2,,USD,,3,1058916.0
RTSI,WHFOB,2021-10-22,WHFOB,Индекс пшеницы FOB регион Черного моря,297.0,297.0,297.0,297.0,0.0,,,2,,USD,,3,919916.0
RTSI,WHFOB,2021-10-21,WHFOB,Индекс пшеницы FOB регион Черного моря,294.9,294.9,294.9,294.9,0.0,,,2,,USD,,3,801916.0
RTSI,WHFOB,2021-10-20,WHFOB,Индекс пшеницы FOB регион Черного моря,296.9,296.9,296.9,296.9,0.0,,,2,,USD,,3,962282.0
RTSI,WHFOB,2021-10-19,WHFOB,Индекс пшеницы FOB регион Черного моря,297.9,297.9,297.9,297.9,0.0,,,2,,USD,,3,979283.0
RTSI,WHFOB,2021-10-18,WHFOB,Индекс пшеницы FOB регион Черного моря,297.9,297.9,297.9,297.9,0.0,,,2,,USD,,3,979283.0
RTSI,WHFOB,2021-10-15,WHFOB,Индекс пшеницы FOB регион Черного моря,291.3,291.3,291.3,291.3,0.0,,,2,,USD,,3,1214683.0
RTSI,WHFOB,2021-10-14,WHFOB,Индекс пшеницы FOB регион Черного моря,290.5,290.5,290.5,290.5,0.0,,,2,,USD,,3,1151683.0
RTSI,WHFOB,2021-10-13,WHFOB,Индекс пшеницы FOB регион Черного моря,287.8,287.8,287.8,287.8,0.0,,,2,,USD,,3,1015183.0
RTSI,WHFOB,2021-10-12,WHFOB,Индекс пшеницы FOB регион Черного моря,287.3,287.3,287.3,287.3,0.0,,,2,,USD,,3,1008683.0
RTSI,WHFOB,2021-10-11,WHFOB,Индекс пшеницы FOB регион Черного моря,285.6,285.6,285.6,285.6,0.0,,,2,,USD,,3,918683.0
RTSI,WHFOB,2021-10-08,WHFOB,Индекс пшеницы FOB регион Черного моря,286.6,286.6,286.6,286.6,0.0,,,2,,USD,,3,971517.0
RTSI,WHFOB,2021-10-07,WHFOB,Индекс пшеницы FOB регион Черного моря,286.5,286.5,286.5,286.5,0.0,,,2,,USD,,3,936680.0
RTSI,WHFOB,2021-10-06,WHFOB,Индекс пшеницы FOB регион Черного моря,286.5,286.5,286.5,286.5,0.0,,,2,,USD,,3,936680.0
RTSI,WHFOB,2021-10-05,WHFOB,Индекс пшеницы FOB регион Черного моря,287.8,287.8,287.8,287.8,0.0,,,2,,USD,,3,996680.0
RTSI,WHFOB,2021-10-04,WHFOB,Индекс пшеницы FOB регион Черного моря,280.7,280.7,280.7,280.7,0.0,,,2,,USD,,3,876180.0
RTSI,WHFOB,2021-10-01,WHFOB,Индекс пшеницы FOB регион Черного моря,278.0,278.0,278.0,278.0,0.0,,,2,,USD,,3,664510.0
RTSI,WHFOB,2021-09-30,WHFOB,Индекс пшеницы FOB регион Черного моря,283.8,283.8,283.8,283.8,0.0,,,2,,USD,,3,1082945.0
RTSI,WHFOB,2021-09-29,WHFOB,Индекс пшеницы FOB регион Черного моря,284.8,284.8,284.8,284.8,0.0,,,2,,USD,,3,1147945.0
RTSI,WHFOB,2021-09-28,WHFOB,Индекс пшеницы FOB регион Черного моря,282.1,282.1,282.1,282.1,0.0,,,2,,USD,,3,1044945.0
RTSI,WHFOB,2021-09-27,WHFOB,Индекс пшеницы FOB регион Черного моря,280.8,280.8,280.8,280.8,0.0,,,2,,USD,,3,1138125.0
RTSI,WHFOB,2021-09-24,WHFOB,Индекс пшеницы FOB регион Черного моря,281.4,281.4,281.4,281.4,0.0,,,2,,USD,,3,1434815.0
RTSI,WHFOB,2021-09-23,WHFOB,Индекс пшеницы FOB регион Черного моря,278.3,278.3,278.3,278.3,0.0,,,2,,USD,,3,1286015.0
RTSI,WHFOB,2021-09-22,WHFOB,Индекс пшеницы FOB регион Черного моря,279.1,279.1,279.1,279.1,396717080.819,0.0,0.0,1,0.0,USD,0.0,3,
RTSI,WHFOB,2021-09-21,WHFOB,Индекс пшеницы FOB регион Черного моря,275.3,275.3,275.3,275.3,374180234.402,0.0,0.0,1,0.0,USD,0.0,3,
RTSI,WHFOB,2021-09-20,WHFOB,Индекс пшеницы FOB регион Черного моря,277.9,277.9,277.9,277.9,400439290.4186,0.0,0.0,1,0.0,USD,0.0,3,
RTSI,WHFOB,2021-09-17,WHFOB,Индекс пшеницы FOB регион Черного моря,271.9,271.9,271.9,271.9,290037395.4186,0.0,0.0,1,0.0,USD,0.0,3,
RTSI,WHFOB,2021-09-16,WHFOB,Индекс пшеницы FOB регион Черного моря,270.3,270.3,270.3,270.3,276441395.4186,0.0,0.0,1,0.0,USD,0.0,3,
RTSI,WHFOB,2021-09-15,WHFOB,Индекс пшеницы FOB регион Черного моря,272.9,272.9,272.9,272.9,440364650.4186,0.0,0.0,1,0.0,USD,0.0,3,
RTSI,WHFOB,2021-09-14,WHFOB,Индекс пшеницы FOB регион Черного моря,274.3,274.3,274.3,274.3,463232900.4186,0.0,0.0,1,0.0,USD,0.0,3,
RTSI,WHFOB,2021-09-13,WHFOB,Индекс пшеницы FOB регион Черного моря,272.8,272.8,272.8,272.8,414743936.9686,0.0,0.0,1,0.0,USD,0.0,3,
RTSI,WHFOB,2021-09-10,WHFOB,Индекс пшеницы FOB регион Черного моря,273.6,273.6,273.6,273.6,486510400.4186,0.0,0.0,1,0.0,USD,0.0,3,
RTSI,WHFOB,2021-09-09,WHFOB,Индекс пшеницы FOB регион Черного моря,274.8,274.8,274.8,274.8,470877185.4186,0.0,0.0,1,0.0,USD,0.0,3,
RTSI,WHFOB,2021-09-08,WHFOB,Индекс пшеницы FOB регион Черного моря,272.4,272.4,272.4,272.4,467978935.4186,0.0,0.0,1,0.0,USD,0.0,3,
RTSI,WHFOB,2021-09-07,WHFOB,Индекс пшеницы FOB регион Черного моря,275.0,275.0,275.0,275.0,530141416.9686,0.0,0.0,1,0.0,USD,0.0,3,
RTSI,WHFOB,2021-09-06,WHFOB,Индекс пшеницы FOB регион Черного моря,277.6,277.6,277.6,277.6,469679116.9686,0.0,0.0,1,0.0,USD,0.0,3,
RTSI,WHFOB,2021-09-03,WHFOB,Индекс пшеницы FOB регион Черного моря,275.0,275.0,275.0,275.0,530141416.9686,0.0,0.0,1,0.0,USD,0.0,3,
RTSI,WHFOB,2021-09-02,WHFOB,Индекс пшеницы FOB регион Черного моря,272.2,272.2,272.2,272.2,460671356.9686,0.0,0.0,1,0.0,USD,0.0,3,
RTSI,WHFOB,2022-02-07,WHFOB,Индекс пшеницы FOB регион Черного моря,332.6,332.6,332.6,332.6,262387008.916,0.0,0.0,1,0.0,USD,0.0,3,789000.0
RTSI,WHFOB,2022-02-04,WHFOB,Индекс пшеницы FOB регион Черного моря,333.4,333.4,333.4,333.4,246347508.916,0.0,0.0,1,0.0,USD,0.0,3,739000.0
RTSI,WHFOB,2022-02-03,WHFOB,Индекс пшеницы FOB регион Черного моря,333.4,333.4,333.4,333.4,246347508.916,0.0,0.0,1,0.0,USD,0.0,3,739000.0
RTSI,WHFOB,2022-02-02,WHFOB,Индекс пшеницы FOB регион Черного моря,333.5,333.5,333.5,333.5,228119858.916,0.0,0.0,1,0.0,USD,0.0,3,684000.0
RTSI,WHFOB,2022-02-01,WHFOB,Индекс пшеницы FOB регион Черного моря,333.0,333.0,333.0,333.0,206149858.916,0.0,0.0,1,0.0,USD,0.0,3,619000.0
RTSI,WHFOB,2022-01-31,WHFOB,Индекс пшеницы FOB регион Черного моря,333.0,333.0,333.0,333.0,206149858.916,0.0,0.0,1,0.0,USD,0.0,3,619000.0
RTSI,WHFOB,2022-01-28,WHFOB,Индекс пшеницы FOB регион Черного моря,333.3,333.3,333.3,333.3,165840108.916,0.0,0.0,1,0.0,USD,0.0,3,497500.0
RTSI,WHFOB,2022-01-27,WHFOB,Индекс пшеницы FOB регион Черного моря,333.3,333.3,333.3,333.3,141994858.916,0.0,0.0,1,0.0,USD,0.0,3,426000.0
RTSI,WHFOB,2022-01-26,WHFOB,Индекс пшеницы FOB регион Черного моря,333.4,333.4,333.4,333.4,98694414.6185,0.0,0.0,1,0.0,USD,0.0,3,296000.0
RTSI,WHFOB,2022-01-25,WHFOB,Индекс пшеницы FOB регион Черного моря,333.4,333.4,333.4,333.4,99255199.5256,0.0,0.0,1,0.0,USD,0.0,3,297730.0
RTSI,WHFOB,2022-01-24,WHFOB,Индекс пшеницы FOB регион Черного моря,334.6,334.6,334.6,334.6,121125438.6185,0.0,0.0,1,0.0,USD,0.0,3,362000.0
RTSI,WHFOB,2022-01-21,WHFOB,Индекс пшеницы FOB регион Черного моря,336.3,336.3,336.3,336.3,87773265.4685,0.0,0.0,1,0.0,USD,0.0,3,261000.0
RTSI,WHFOB,2022-01-20,WHFOB,Индекс пшеницы FOB регион Черного моря,336.0,336.0,336.0,336.0,131393265.4685,0.0,0.0,1,0.0,USD,0.0,3,391000.0
RTSI,WHFOB,2022-01-19,WHFOB,Индекс пшеницы FOB регион Черного моря,336.0,336.0,336.0,336.0,131393265.4685,0.0,0.0,1,0.0,USD,0.0,3,391000.0
RTSI,WHFOB,2022-01-18,WHFOB,Индекс пшеницы FOB регион Черного моря,336.0,336.0,336.0,336.0,131393265.4685,0.0,0.0,1,0.0,USD,0.0,3,391000.0
RTSI,WHFOB,2022-01-17,WHFOB,Индекс пшеницы FOB регион Черного моря,338.3,338.3,338.3,338.3,129902265.4685,0.0,0.0,1,0.0,USD,0.0,3,384000.0
RTSI,WHFOB,2022-01-14,WHFOB,Индекс пшеницы FOB регион Черного моря,338.3,338.3,338.3,338.3,129902265.4685,0.0,0.0,1,0.0,USD,0.0,3,384000.0
RTSI,WHFOB,2022-01-13,WHFOB,Индекс пшеницы FOB регион Черного моря,338.0,338.0,338.0,338.0,107471241.4685,0.0,0.0,1,0.0,USD,0.0,3,318000.0
RTSI,WHFOB,2022-01-12,WHFOB,Индекс пшеницы FOB регион Черного моря,338.1,338.1,338.1,338.1,116396241.4685,0.0,0.0,1,0.0,USD,0.0,3,344250.0
RTSI,WHFOB,2022-01-11,WHFOB,Индекс пшеницы FOB регион Черного моря,338.1,338.1,338.1,338.1,116396241.4685,0.0,0.0,1,0.0,USD,0.0,3,344250.0
RTSI,WHFOB,2022-01-10,WHFOB,Индекс пшеницы FOB регион Черного моря,342.8,342.8,342.8,342.8,116278891.4685,0.0,0.0,1,0.0,USD,0.0,3,339250.0
RTSI,WHFOB,2021-12-30,WHFOB,Индекс пшеницы FOB регион Черного моря,344.2,344.2,344.2,344.2,131145391.4685,0.0,0.0,1,0.0,USD,0.0,3,381000.0
RTSI,WHFOB,2021-12-29,WHFOB,Индекс пшеницы FOB регион Черного моря,341.8,341.8,341.8,341.8,82726500.0,0.0,0.0,1,0.0,USD,0.0,3,242000.0
RTSI,WHFOB,2021-12-28,WHFOB,Индекс пшеницы FOB регион Черного моря,342.4,342.4,342.4,342.4,102204000.0,0.0,0.0,1,0.0,USD,0.0,3,298500.0
RTSI,WHFOB,2021-12-27,WHFOB,Индекс пшеницы FOB регион Черного моря,342.4,342.4,342.4,342.4,102204000.0,0.0,0.0,1,0.0,USD,0.0,3,298500.0
RTSI,WHFOB,2021-12-24,WHFOB,Индекс пшеницы FOB регион Черного моря,338.6,338.6,338.6,338.6,163690250.0,0.0,0.0,1,0.0,USD,0.0,3,483500.0
RTSI,WHFOB,2021-12-23,WHFOB,Индекс пшеницы FOB регион Черного моря,336.7,336.7,336.7,336.7,171903570.0,0.0,0.0,1,0.0,USD,0.0,3,510510.0
RTSI,WHFOB,2021-12-22,WHFOB,Индекс пшеницы FOB регион Черного моря,336.7,336.7,336.7,336.7,171903570.0,0.0,0.0,1,0.0,USD,0.0,3,510510.0
RTSI,WHFOB,2021-12-21,WHFOB,Индекс пшеницы FOB регион Черного моря,336.5,336.5,336.5,336.5,175173570.0,0.0,0.0,1,0.0,USD,0.0,3,520510.0
RTSI,WHFOB,2021-12-20,WHFOB,Индекс пшеницы FOB регион Черного моря,334.5,334.5,334.5,334.5,239594795.0,0.0,0.0,1,0.0,USD,0.0,3,716235.0
RTSI,WHFOB,2021-12-17,WHFOB,Индекс пшеницы FOB регион Черного моря,333.8,333.8,333.8,333.8,229984095.0,0.0,0.0,1,0.0,USD,0.0,3,688935.0
RTSI,WHFOB,2021-12-16,WHFOB,Индекс пшеницы FOB регион Черного моря,333.9,333.9,333.9,333.9,230039345.0,0.0,0.0,1,0.0,USD,0.0,3,688935.0
RTSI,WHFOB,2021-12-15,WHFOB,Индекс пшеницы FOB регион Черного моря,334.0,334.0,334.0,334.0,244151345.0,0.0,0.0,1,0.0,USD,0.0,3,730935.0
RTSI,WHFOB,2021-12-14,WHFOB,Индекс пшеницы FOB регион Черного моря,335.3,335.3,335.3,335.3,271525320.0,0.0,0.0,1,0.0,USD,0.0,3,809810.0
RTSI,WHFOB,2021-12-13,WHFOB,Индекс пшеницы FOB регион Черного моря,335.5,335.5,335.5,335.5,306016320.0,0.0,0.0,1,0.0,USD,0.0,3,912210.0
RTSI,WHFOB,2021-12-10,WHFOB,Индекс пшеницы FOB регион Черного моря,332.9,332.9,332.9,332.9,301583070.0,0.0,0.0,1,0.0,USD,0.0,3,905810.0
RTSI,WHFOB,2021-12-09,WHFOB,Индекс пшеницы FOB регион Черного моря,331.6,331.6,331.6,331.6,268514070.0,0.0,0.0,1,0.0,USD,0.0,3,809810.0
RTSI,WHFOB,2021-12-08,WHFOB,Индекс пшеницы FOB регион Черного моря,330.8,330.8,330.8,330.8,287029070.0,0.0,0.0,1,0.0,USD,0.0,3,867810.0
RTSI,WHFOB,2021-12-07,WHFOB,Индекс пшеницы FOB регион Черного моря,331.1,331.1,331.1,331.1,333690420.0,0.0,0.0,1,0.0,USD,0.0,3,1007810.0
RTSI,WHFOB,2021-12-06,WHFOB,Индекс пшеницы FOB регион Черного моря,328.6,328.6,328.6,328.6,315384420.0,0.0,0.0,1,0.0,USD,0.0,3,959810.0
RTSI,WHFOB,2021-12-03,WHFOB,Индекс пшеницы FOB регион Черного моря,328.6,328.6,328.6,328.6,259906500.0,0.0,0.0,1,0.0,USD,0.0,3,791000.0
RTSI,WHFOB,2021-12-02,WHFOB,Индекс пшеницы FOB регион Черного моря,322.9,322.9,322.9,322.9,271154668.0,0.0,0.0,1,0.0,USD,0.0,3,839800.0
